{"cameraMode":{"drawMode":0,"name":"Shaded","section":"Shading Mode"},"sceneLighting":true,"audioPlay":false,"sceneViewState":{"m_AlwaysRefresh":false,"showFog":true,"showSkybox":true,"showFlares":true,"showImageEffects":true,"showParticleSystems":true,"showVisualEffectGraphs":true,"m_FxEnabled":true},"in2DMode":false,"pivot":{"x":-0.5612025260925293,"y":0.04901793599128723,"z":-0.037005528807640079},"rotation":{"x":-0.0023307562805712225,"y":0.9219046235084534,"z":-0.38739854097366335,"w":-0.005544266197830439},"size":0.34926164150238039,"orthographic":false}